brewer,address,city,state,country,website
McMenamins Mill Creek,13300 Bothell-Everett Highway #304,Mill Creek,Washington,United States,NA
Diamond Knot Brewery & Alehouse,621 Front Street,Mukilteo,Washington,United States,http://www.diamondknot.com/
Scuttlebutt Brewing,1524 West Marine View Drive,Everett,Washington,United States,NA
Skagit River Brewing,404 South Third Street,Mount Vernon,Washington,United States,NA
Independence Brew Pub,1150 Filbert Street,Philadelphia,Pennsylvania,United States,http://www.independencebrewpub.com/
Tampa Bay Brewing,1812 North 15th Street,Tampa,Florida,United States,NA
Coach's Norman,102 West Main,Norman,Oklahoma,United States,NA
Santa Barbara Brewing,501 State Street,Santa Barbara,California,United States,NA
"Main Street Station Casino, Brewery and Hotel",200 North Main Street,Las Vegas,Nevada,United States,NA
Main Street Brewery,300 North Main Street,Corona,California,United States,NA
Marquette Harbor Brewery and Restaurant,119 South Front Street,Marquette,Michigan,United States,NA
Iron Hill Brewery - Wilmingon,620 South Madison Street,Wilmington,Delaware,United States,http://www.ironhillbrewery.com/
Firehouse Brewery & Restaurant,NA,Red Oak,Iowa,United States,NA
Terrapin Beer Company,196 Alps Road,Athens,Georgia,United States,http://www.terrapinbeer.com/
Siletz Roadhouse & Brewery,243 North Gaither Street,Siletz,Oregon,United States,NA
Lakefront Brewery,1872 North Commerce Street,Milwaukee,Wisconsin,United States,http://www.lakefrontbrewery.com/index.html
Dogfish Head Craft Brewery,6 Cannery Village Center,Milton,Delaware,United States,http://www.dogfish.com
Oskar Blues Grill and Brew,303 Main Street,Lyons,Colorado,United States,http://www.oskarblues.com/
Stoudt's Brewery,2800 North Reading Road,Adamstown,Pennsylvania,United States,http://www.stoudtsbeer.com/brewery.html
Saint Arnold Brewing,2522 Fairway Park Drive,Houston,Texas,United States,http://www.saintarnold.com
Southern Tier Brewing Co,2051A Stoneman Circle,Lakewood,New York,United States,http://www.southerntierbrewing.com/
Southern Star Brewing Company,1207 N. FM 3083 E.,Conroe,Texas,United States,http://www.southernstarbrewery.com/
Shipyard Brewing - Portland,86 Newbury Street,Portland,Maine,United States,http://www.shipyard.com/
Sierra Nevada Brewing Co.,1075 East 20th Street,Chico,California,United States,http://www.sierranevada.com/
Elysian Brewing - TangleTown,2106 North 55th Street,Seattle,Washington,United States,NA
Gottberg Brew Pub,2804 13th Street,Columbus,Nebraska,United States,NA
Stone Cellar Brewpub & Restaurant,1004 South Olde Oneida,Appleton,Wisconsin,United States,NA
Titletown Brewing,200 Dousman Street,Green Bay,Wisconsin,United States,NA
Triumph Brewing of Princeton,138 Nassau Street,Princeton,New Jersey,United States,NA
Great Waters Brewing Company,426 St.Peter Street,Saint Paul,Minnesota,United States,NA
Flying Fish Brewing Company,1940 Olney Avenue,Cherry Hill,New Jersey,United States,http://www.flyingfish.com/
Boston Beer Company,30 Germania Street,Boston,Massachusetts,United States,http://www.samueladams.com/
The Alchemist,23 South Main Street,Waterbury,Vermont,United States,http://www.alchemistbeer.com/
Brewery Ommegang,656 County Highway 33,Cooperstown,New York,United States,NA
"Voodoo Brewing Co.,LLC",215 1/5 Arch St.,Meadville,Pennsylvania,United States,http://www.voodoobrewery.com/
Capital Brewery,7734 Terrace Avenue,Middleton,Wisconsin,United States,http://www.capital-brewery.com/
The Round Barn Winery & Brewery,10983 Hills Road,Baroda,Michigan,United States,http://www.roundbarnwinery.com/brewery.php
Standing Stone Brewing Company,101 Oak Street,Ashland,Oregon,United States,http://www.standingstonebrewing.com/
Cigar City Brewing,3924 West Spruce Street Suite A,Tampa,Florida,United States,http://cigarcitybeer.com/
Troegs Brewing,800 Paxton Street,Harrisburg,Pennsylvania,United States,http://www.troegs.com/
Court Avenue Brewing,309 Court Avenue,Des Moines,Iowa,United States,NA
"Pyramid Alehouse, Brewery and Restaurant - Seattle",1201 First Avenue South,Seattle,Washington,United States,NA
Salado Creek Brewing Company,NA,San Antonio,Texas,United States,NA
Faultline Brewing #2,NA,Walnut Creek,California,United States,NA
Minocqua Brewing Company,238 Lake Shore Drive,Minocqua,Wisconsin,United States,http://www.minocquabrewingcompany.com
Central Waters Brewing Company,351 Allen Street,Amherst,Wisconsin,United States,http://www.centralwaters.com/
Flossmoor Station Brewery,1035 Sterling Avenue,Flossmoor,Illinois,United States,NA
"T-Bonz Gill, Grill and Brewery",1028 Johnny Dodds Boulevard,Mount Pleasant,South Carolina,United States,NA
Egan Brewing,NA,De Pere,Wisconsin,United States,NA
Full Sail Brewing #1,506 Columbia Street,Hood River,Oregon,United States,NA
Olde Main Brewing,316 Main Street,Ames,Iowa,United States,NA
La Jolla Brew House,7536 Fay Avenue,La Jolla,California,United States,NA
Nicolet Brewing,NA,Florence,Wisconsin,United States,NA
Redhook Ale Brewery,NA,Seattle,Washington,United States,http://www.redhook.com/
Cedar Brewing,NA,Cedar Rapids,Iowa,United States,NA
Two Brothers Brewing,30 Butterfield Road,Warrenville,Illinois,United States,http://www.twobrosbrew.com/
Copper Eagle Brewing,NA,Grand Island,Nebraska,United States,NA
Sweetwater Tavern - Centreville,14250 Sweetwater Lane,Centreville,Virginia,United States,NA
Bull & Bush Pub & Brewery,4700 Cherry Creek Drive South,Denver,Colorado,United States,NA
Delafield Brewhaus,3832 Hillside Drive,Delafield,Wisconsin,United States,NA
C.B. & Potts of Cheyenne,1650 Dell Range Boulevard,Cheyenne,Wyoming,United States,NA
Half Moon Bay Brewing,390 Capistrano Road,Princeton by the Sea,California,United States,NA
Jolly Pumpkin Artisan Ales,3115 Broad Street,Dexter,Michigan,United States,http://www.jollypumpkin.com
Elliott Bay Brewery and Pub,4720 California Avenue SW,Seattle,Washington,United States,NA
Stone Brewing Co.,1999 Citracado Parkway,Escondido,California,United States,http://www.stonebrew.com/
Crabby Larry's Brewpub Steak & Crab House,237 West Butler Avenue,Chalfont,Pennsylvania,United States,http://www.crabbylarrys.com/
Rogue Ales,2320 SE OSU Drive,Newport,Oregon,United States,http://www.rogue.com
Wachusetts Brewing Company,175 State Road East,Westminster,Massachusetts,United States,http://www.wachusettbrew.com
Otter Creek Brewing & Wolaver's Organic Ales,793 Exchange Street,Middlebury,Vermont,United States,http://www.ottercreekbrewing.com/
Lagunitas Brewing Company,1280 North McDowell Boulevard,Petaluma,California,United States,http://www.lagunitas.com/
Brewer's Art,1106 N. Charles St.,Baltimore,Maryland,United States,http://www.belgianbeer.com
Mendocino Brewing - Saratoga Springs,NA,Saratoga Springs,New York,United States,http://www.mendobrew.com/
Dock Street Beer,701 S. 50th Street,West Philly,Pennsylvania,United States,http://www.dockstreetbeer.com
Great Divide Brewing,2201 Arapahoe Street,Denver,Colorado,United States,http://www.greatdivide.com/
Rahr & Sons Brewing Company,701 Galveston Ave,Fortworth,Texas,United States,http://www.rahrbrewery.com/
Red Star Brewery & Grille,101 Ehalt St.,Greensburg,Pennsylvania,United States,http://www.redstarbrewery.com/
Walldorff Brew Pub,105 East State Street,Hastings,Michigan,United States,http://walldorffbrewpub.com/
Heavyweight Brewing,NA,Ocean,New Jersey,United States,NA
Victory Brewing,420 Acorn Lane,Downingtown,Pennsylvania,United States,http://www.victorybeer.com
Glen Ellyn Sports Brew,NA,Glen Ellyn,Illinois,United States,NA
Red Kettle Brewing,NA,Encinitas,California,United States,NA
Rock Bottom Restaurant & Brewery - South Denver,9627 East County Line Road,Englewood,Colorado,United States,NA
Hapa*s Brew Haus and Restaurant,NA,Kihei,Hawaii,United States,NA
O'Gara's Bar & Grill,146 Snelling Avenue North,Saint Paul,Minnesota,United States,NA
Great Dane Pub and Brewing #2,2980 Cahill Main,Fitchburg,Wisconsin,United States,NA
Crescent City Brewhouse,527 Decatur Street,New Orleans,Louisiana,United States,NA
Krogh's Restaurant and Brewpub,23 White Deer Plaza,Sparta,New Jersey,United States,NA
Rock Bottom Restaurant & Brewery - Minneapolis,800 LaSalle Plaza,Minneapolis,Minnesota,United States,NA
Odell Brewing,800 East Lincoln Avenue,Fort Collins,Colorado,United States,NA
Empyrean Brewing Company,729 Q Street,Lincoln,Nebraska,United States,NA
Sly Fox Brewhouse and Eatery - Royersford,312 North Lewis Road,Royersford,Pennsylvania,United States,http://www.slyfoxbeer.com/index1.asp
Lake Placid Pub & Brewery,813 Mirror Lake Drive,Lake Placid,New York,United States,http://www.ubuale.com/
Blue Point Brewing,161 River Avenue,Patchogue,New York,United States,http://www.bluepointbrewing.com/
Coast Range Brewing,7050 Monterey Street,Gilroy,California,United States,NA
Yegua Creek Brewing - Dallas,2920 North Henderson Ave,Dallas,Texas,United States,NA
Big Sky Brewing,5417 Trumpeter Way,Missoula,Montana,United States,NA
Appalachian Brewing Company,50 N. Cameron St.,Harrisburg,Pennsylvania,United States,http://www.abcbrew.com
Weyerbacher Brewing Company,905 Line Street,Easton,Pennsylvania,United States,http://www.weyerbacher.com/
Slab City Brewing,NA,Bonduel,Wisconsin,United States,NA
Saint Louis Brewery / Schlafy Tap Room,2100 Locust Street,Saint Louis,Missouri,United States,http://www.schlafly.com/
Hereford & Hops Restaurant and Brewpub #1,624 Ludington Street,Escanaba,Michigan,United States,NA
Glacial Lakes Brewing,NA,New York Mills,Minnesota,United States,NA
New Glarus Brewing Company,2400 State Highway 69,New Glarus,Wisconsin,United States,http://www.newglarusbrewing.com/
21st Amendment Brewery Cafe,563 Second Street,San Francisco,California,United States,http://www.21st-amendment.com/
Upstream Brewing Old Market,514 South Eleventh Street,Omaha,Nebraska,United States,http://www.upstreambrewing.com/
Bell's Brewery Inc.,8938 Krum Ave.,Galesburg,Michigan,United States,http://www.bellsbeer.com/
Fifty Fifty Brewing Co.,11197 Brockway Road,Truckee,California,United States,http://www.fiftyfiftybrewing.com/
F.X. Matt Brewing,811 Edward Street,Utica,New York,United States,http://www.saranac.com
Bandana Brewery,NA,Mankato,Minnesota,United States,NA
Three Needs Brewery and Taproom,207 College Street,Burlington,Vermont,United States,NA
Granite City Food & Brewery - Saint Cloud,3945 Second Street South,Saint Cloud,Minnesota,United States,NA
Zea Rotisserie and Brewery,1525 St. Charles Avenue,New Orleans,Louisiana,United States,http://www.zearestaurants.com
Rock Bottom Restaurant & Brewery - Chicago,1 West Grand Avenue,Chicago,Illinois,United States,NA
Fitzpatrick's Brewing,NA,Iowa City,Iowa,United States,NA
Maritime Pacific Brewing,1514 NW Leary Way,Seattle,Washington,United States,NA
Twin Rivers Brewing,104 North Lewis Street,Monroe,Washington,United States,NA
Engine House #9,611 North Pine,Tacoma,Washington,United States,NA
Hale's Ales #3,4301 Leary Way NW,Seattle,Washington,United States,NA
Dragonmead Microbrewery,14600 East Eleven Mile Road,Warren,Michigan,United States,NA
The Lost Abbey,155 Mata Way Suite 104,San Marcos,California,United States,http://www.lostabbey.com/
Marzoni's Brick Oven & Brewing Co,165 Patchway Road,Duncansville,Pennsylvania,United States,http://www.marzonis.com/
Trinity Brewing Company,1446 Garden of the Gods,Colorado Springs,Colorado,United States,http://trinitybrew.com/
Hoppin Frog Brewery,1680-F East Waterloo Rd.,Akron,Ohio,United States,http://www.hoppinfrog.com/
Legacy Brewing Co.,545 Canal Street,Reading,Pennsylvania,United States,http://www.legacybrewing.com
Russian River Brewing,725 Fourth Street,Santa Rosa,California,United States,http://www.russianriverbrewing.com/
Ithaca Beer Company,600 Elmira Road,Ithaca,New York,United States,NA
Great Lakes Brewing,2516 Market Avenue,Cleveland,Ohio,United States,http://www.greatlakesbrewing.com
Randy's Fun Hunters Brewery Restaurant and Banquet Center,841 East Milwaukee Street,Whitewater,Wisconsin,United States,NA
Route 66 Brewery,NA,Saint Louis,Missouri,United States,NA
Lightning Boy Brewery,NA,Belgrade,Montana,United States,NA
Water Street Lake Country,3191 Golf Road,Delafield,Wisconsin,United States,NA
Rock Bottom Restaurant & Brewery - Milwaukee,740 North Plankinton Avenue,Milwaukee,Wisconsin,United States,NA
Remington Watson Smith Brewing,NA,Waukesha,Wisconsin,United States,NA
Loaf and Stein Brewing,NA,Eagle River,Wisconsin,United States,NA
Crane River Brewpub and Cafe,NA,Lincoln,Nebraska,United States,NA
Yakima Brewing and Malting / Grant's Ales,NA,Yakima,Washington,United States,NA
Mehana Brewing,275 East Kawili Street,Hilo,Hawaii,United States,NA
Lancaster Brewing Co.,302 N. Plum St.,Lancaster,Pennsylvania,United States,http://www.lancasterbrewing.com/index.html
River West Brewing,NA,Chicago,Illinois,United States,NA
Bootleggers Steakhouse and Brewery,NA,Bakersfield,California,United States,NA
Schooner Brewery,NA,Dallas,Texas,United States,NA
Gaslight Brewery,15 South Orange Avenue,South Orange,New Jersey,United States,NA
New Belgium Brewing,500 Linden Street,Fort Collins,Colorado,United States,http://www.newbelgium.com/
Left Hand Brewing Company,1265 Boston Avenue,Longmont,Colorado,United States,http://www.lefthandbrewing.com/
Dick's Brewing,5945 Prather Road,Centralia,Washington,United States,NA
Jobber's Canyon Restaurant & Brewery,NA,Omaha,Nebraska,United States,NA
Flying Dog Brewery,2401 Blake St.,Denver,Colorado,United States,http://www.flyingdogales.com/
Grizzly Bay Brewing,NA,Suisun City,California,United States,NA
Hoffbrau Steaks Brewery #1,NA,Addison,Texas,United States,NA
Weinkeller Brewery - Berwyn,NA,Berwyn,Illinois,United States,NA
Goose Island Beer Company - Clybourn,1800 North Clybourn Avenue,Chicago,Illinois,United States,NA
Yards Brewing,2439 Amber Street,Philadelphia,Pennsylvania,United States,NA
Otto's Pub and Brewery,2105 N. Atherton St.,State College,Pennsylvania,United States,http://www.ottospubandbrewery.com/index.php
Elk Creek Cafe and Aleworks,100 West Main Street PO Box 432,Millheim,Pennsylvania,United States,http://www.elkcreekcafe.net/
Spring House Brewing Company,2519 Main St.,Conestoga,Pennsylvania,United States,http://www.springhousebeer.com/
Hopworks Urban Brewery,2944 SE Powell Blvd,Portland,Oregon,United States,http://hopworksbeer.com/
Real Ale Brewing Company,231 San Saba Court,Blanco,Texas,United States,http://www.realalebrewing.com/
San Diego Brewing,10450-L Friars Road,San Diego,California,United States,NA
San Marcos Brewery & Grill,1080 West San Marcos Boulevard,San Marcos,California,United States,NA
Stevens Point Brewery,2617 Water Street,Stevens Point,Wisconsin,United States,NA
Heartland Brewery Union Square,NA,New York,New York,United States,http://www.heartlandbrewery.com/
Weeping Radish Restaurant and Brewery - Manteo,525 N Virginia Dare Road,Manteo,North Carolina,United States,NA
Bricktown Brewery,299 Main Street,Dubuque,Iowa,United States,NA
AleSmith Brewing,9368 Cabot Drive,San Diego,California,United States,http://alesmith.com/
Spanish Peaks Brewing,Polson MT 59860,Polson,Montana,United States,http://www.blackdogales.com/
Liberty Steakhouse and Brewery,1321 Celebrity Circle,Myrtle Beach,South Carolina,United States,http://www.libertysteakhouseandbrewery.com/
Middle Ages Brewing,120 Wilkinson Street,Syracuse,New York,United States,http://www.middleagesbrewing.com/
Orlando Brewing,1301 Atlanta Avenue,Orlando,Florida,United States,http://www.orlandobrewing.com
Back Road Brewery,310 Perry Street,LaPorte,Indiana,United States,http://www.backroadbrewery.com/
River Horse Brewing Company,80 LAMBERT LANE,Lambertville,New Jersey,United States,http://www.riverhorse.com
Bear Republic Brewery,345 Healdsburg Avenue,Healdsburg,California,United States,http://www.bearrepublic.com/
Greenshields Brewery and Pub,NA,Raleigh,North Carolina,United States,NA
Sharktooth Brewing,NA,Kahului,Hawaii,United States,NA
Manhattan Beach Brewing,124 Manhattan Beach Boulevard,Manhattan Beach,California,United States,NA
Jacob Leinenkugel Brewing Company,1 Jefferson Avenue,Chippewa Falls,Wisconsin,United States,http://www.leinie.com/welcome.html
Broad Ripple Brewing,842 East 65th Street,Indianapolis,Indiana,United States,NA
Stone Coast Brewing - Portland,23 Rice Street,Portland,Maine,United States,NA
Gray Brewing,2424 West Court Street,Janesville,Wisconsin,United States,NA
Milwaukee Ale House,233 North Water Street,Milwaukee,Wisconsin,United States,NA
JT Whitney's Brewpub and Eatery,674 South Whitney Way,Madison,Wisconsin,United States,NA
Goose Island Beer Company - Fulton Street,1800 West Fulton Street,Chicago,Illinois,United States,NA
Ship Inn Brewpub,61 Bridge Street,Milford,New Jersey,United States,NA
Sullivan's Black Forest Brew Haus & Grill,281 Heinlein Strasse,Frankenmuth,Michigan,United States,NA
"Pyramid Alehouse, Brewery and Restaurant - Berkeley",901 Gilman Street,Berkeley,California,United States,NA
Penn Brewery,800 Vinial St.,Pittsburgh,Pennsylvania,United States,http://www.pennbrew.com/
Straub Brewery,303 Sorg Street,St. Mary's,Pennsylvania,United States,http://www.straubbeer.com/index.htm
Boulevard Brewing Company,2501 Southwest Boulevard,Kansas City,Missouri,United States,http://www.blvdbeer.com/
Magnolia Pub and Brewery,1398 Haight Street,San Francisco,California,United States,http://www.magnoliapub.com/
North Country Brewery,141 South Main Street,Slippery Rock,Pennsylvania,United States,http://www.northcountrybrewing.com
Onopa Brewing,NA,Milwaukee,Wisconsin,United States,NA
Appleton Brewing,NA,Appleton,Wisconsin,United States,NA
Mad Anthony Brewing,2002 Broadway,Fort Wayne,Indiana,United States,NA
Illinois Brewing,102 North Center Street #111,Bloomington,Illinois,United States,NA
Rowland's Calumet Brewery,25 North Madison St,Chilton,Wisconsin,United States,http://rowlandsbrewery.com/
Brewmasters Restaurant and Brewery South,NA,Kenosha,Wisconsin,United States,NA
Port Washington Brewing,NA,Port Washington,Wisconsin,United States,NA
Bibiana Brewing,NA,Urbana,Illinois,United States,NA
Tied House Cafe & Brewery - San Jose,65 North San Pedro,San Jose,California,United States,NA
Pacific Rim Brewing,9832 14th Avenue SW,Seattle,Washington,United States,NA
Bube's Brewery,102 North Market Street,Mount Joy,Pennsylvania,United States,http://www.bubesbrewery.com
Richbrau Brewing Company,1214 East Cary St,Richmond,Virginia,United States,http://www.richbrau.com/
Silverado Brewing,3020 St. Helena Highway North,Saint Helena,California,United States,NA
Hereford & Hops Steakhouse and Brewpub #3,2201 Sherman Street,Wausau,Wisconsin,United States,NA
Mad River Brewing,195 Taylor Way,Blue Lake,California,United States,NA
Great Northern Tavern and Brewery,NA,Keystone,Colorado,United States,NA
Nodding Head Brewpub,1516 Sansom Street,Philadelphia,Pennsylvania,United States,http://www.noddinghead.com/
Copper Dragon Brewing,NA,Carbondale,Illinois,United States,NA
Little Apple Brewing,1110 Westloop Center,Manhattan,Kansas,United States,NA
Speakeasy Ales and Lagers,1195-A Evans Avenue,San Francisco,California,United States,NA
Moylan's Brewery & Restaurant,15 Rowland Way,Novato,California,United States,http://www.moylans.com/
Manayunk Brewery and Restaurant,4120 Main Street,Philadelphia,Pennsylvania,United States,http://www.manayunkbrewery.com/
Mudshark Brewing,210 Swanson Avenue,Lake Havasu City,Arizona,United States,http://www.mudsharkbrewingco.com/
Four Peaks Brewing,1340 East Eighth Street #103,Tempe,Arizona,United States,http://www.fourpeaks.com/
DuClaw,901 S. Bond St.,Baltimore,Maryland,United States,http://www.duclaw.com/
Harpoon Brewery - Boston,306 Northern Avenue,Boston,Massachusetts,United States,http://www.harpoonbrewery.com
Revolution Brewing LLC,2323 N Milwaukee Ave,Chicago,Illinois,United States,http://revbrew.com/
Kelmer's Brewhouse,NA,Santa Rosa,California,United States,NA
Pete's Brewing,14800 San Pedro Avenue,San Antonio,Texas,United States,http://www.peteswicked.com/
Pacific Beach Brewhouse,NA,Pacific Beach,California,United States,NA
Dubuque Brewing and Bottling,NA,Dubuque,Iowa,United States,NA
Thomas Hooker Brewing,16 Tobey Road,Bloomfield,Connecticut,United States,http://www.hookerbeer.com/
Minneapolis Town Hall Brewery,1430 Washington Avenue South,Minneapolis,Minnesota,United States,http://www.townhallbrewery.com/
On Tap Bistro & Brewery,NA,San Diego,California,United States,NA
Oggi's Pizza and Brewing - Vista,425 South Melrose Drive,Vista,California,United States,NA
"City Brewing Company, LLC",925 South Third Street,La Crosse,Wisconsin,United States,http://www.citybrewery.com/
Moosejaw Pizza & Dells Brewing Company,110 Wisconsin Dells Parkway South,Wisconsin Dells,Wisconsin,United States,NA
Firehouse Grill & Brewery,111 South Murphy Avenue,Sunnyvale,California,United States,NA
Pike Pub and Brewery,1415 First Avenue,Seattle,Washington,United States,NA
Grand Teton Brewing #2,430 Old Jackson Highway,Victor,Idaho,United States,http://www.grandtetonbrewing.com/
Santa Fe Brewing Company,35 Fire Place,Santa Fe,New Mexico,United States,http://www.santafebrewing.com/
Prescott Brewing Company,130 W Gurley St,Prescott,Arizona,United States,http://prescottbrewingcompany.com/
Barley Creek Brewing,RR 1 Box 185,Tannersville,Pennsylvania,United States,http://www.barleycreek.com/
The Church Brew Works,3525 Liberty Avenue,Pittsburgh,Pennsylvania,United States,http://churchbrew.com/
New Holland Brewing Company,66 East Eighth Street,Holland,Michigan,United States,http://newhollandbrew.com
Anchor Brewing,1705 Mariposa Street,San Francisco,California,United States,NA
Main Street Brewing,NA,Dallas,Texas,United States,NA
Anheuser-Busch,One Busch Place,Saint Louis,Missouri,United States,http://www.anheuser-busch.com/
Trade Winds Brewing,NA,Wailuku,Hawaii,United States,NA
TwoRows Restaurant & Brewery - Dallas,5500 Greenville Avenue #1300,Dallas,Texas,United States,NA
Allentown Brew Works,814 W Hamilton St,Allentown,Pennsylvania,United States,http://www.thebrewworks.com/allentown-brewworks/
Govnor's Public House,220 North Randall Road,Lake In The Hills,Illinois,United States,NA
Coast Brewing,NA,Biloxi,Mississippi,United States,NA
Millstream Brewing,835 48th Avenue,Amana,Iowa,United States,NA
Water Street Brewery,1101 North Water Street,Milwaukee,Wisconsin,United States,NA
Coronado Brewing Company,170 Orange Avenue,Coronado,California,United States,http://www.coronadobrewingcompany.com/
Valley Brewing Company,1950 W. Fremont St.,Stockton,California,United States,http://www.valleybrew.com/
Twisted Pine Brewing Company,3201 Walnut Street Ste A,Boulder,Colorado,United States,http://www.twistedpinebrewing.com/
Cooperstown Brewing Company,"River Street, P.O. Box 276",Milford,New York,United States,http://www.cooperstownbrewing.com/
Brooklyn Brewery,79 North Eleventh Street,Brooklyn,New York,United States,http://www.brooklynbrewery.com/
Olde Peninsula Brewpub and Restaurant,200 East Michigan Avenue,Kalamazoo,Michigan,United States,NA
Fordham Brewing,"95 Cathedral Street, Suite 200",Annapolis,Maryland,United States,http://www.ramsheadtavern.com/
Fratellos Restaurant and Brewery,4301 West Wisconsin,Appleton,Wisconsin,United States,NA
Elysian Brewery & Public House,1221 East Pike Street,Seattle,Washington,United States,http://www.elysianbrewing.com/
Triple Rock Brewery,1920 Shattuck Avenue,Berkeley,California,United States,NA
Hoffbrau Steaks Brewery #2,NA,Dallas,Texas,United States,NA
Bill's Tavern & Brewhouse,188 North Hemlock,Cannon Beach,Oregon,United States,NA
Denver ChopHouse and Brewery,1735 19th Street #100,Denver,Colorado,United States,NA
Sports City Cafe & Brewery,NA,La Jolla,California,United States,NA
Main Street Beer Company #1,NA,Richmond,Virginia,United States,NA
Nebraska Brewing Company,7474 Towne Center Parkway #101,Papillion,Nebraska,United States,NA
Jack's Brewing,39176 Argonaut Way,Fremont,California,United States,NA
Thunderhead Brewery #2,120 East Third Street,Grand Island,Nebraska,United States,NA
Jaipur Restaurant and Brewpub,10922 Elm Street,Omaha,Nebraska,United States,NA
Midnight Sun Brewing Co.,8111 Dimond Hook Drive,Anchorage,Alaska,United States,http://www.midnightsunbrewing.com/
White Marsh Brewing Company,8149 Honeygo Blvd,White Marsh,Maryland,United States,http://www.redbrickstation.com/
North Coast Brewing Company,455 North Main Street,Fort Bragg,California,United States,http://www.northcoastbrewing.com/home.htm
Moose's Tooth Pub and Pizzeria,3300 Old Seward Highway,Anchorage,Alaska,United States,http://www.moosestooth.net/
Sioux Falls Brewing,NA,Sioux Falls,South Dakota,United States,NA
Flagstaff Brewing,16 East Route 66,Flagstaff,Arizona,United States,NA
Coors Brewing - Golden Brewery,311 Tenth Street,Golden,Colorado,United States,http://www.coors.com
Tyranena Brewing,1025 Owen Street,Lake Mills,Wisconsin,United States,http://www.tyranena.com
Sand Creek Brewing Company,320 Pierce St,Black River Falls,Wisconsin,United States,http://www.sandcreekbrewing.com/
Carlyle Brewing,215 East State Street,Rockford,Illinois,United States,NA
Sherlock's Home,NA,Minnetonka,Minnesota,United States,NA
Tabernash Brewing,NA,Longmont,Colorado,United States,NA
Taylor Brewing,717 East Butterfield Road,Lombard,Illinois,United States,NA
G. Heileman Brewing,NA,La Crosse,Wisconsin,United States,NA
Routh Street Brewery and Grille,NA,Dallas,Texas,United States,NA
Faultline Brewing #1,1235 Oakmead Parkway,Sunnyvale,California,United States,NA
Mad Crab Restaurant and Brewery,NA,Strongsville,Ohio,United States,NA
Free State Brewing,636 Massachusetts,Lawrence,Kansas,United States,http://freestatebrewing.com/
Barley John's Brewpub,781 Old Highway 8 SW,New Brighton,Minnesota,United States,NA
Thirsty Dog Brewing,529 Grant St. Suite B,Akron,Ohio,United States,http://www.thirstydog.com
Oak Creek Brewery,2050 Yavapai Dr,Sedona,Arizona,United States,http://oakcreekbrew.com/
Lift Bridge Brewery,NA,Stillwater,Minnesota,United States,http://www.liftbridgebrewery.com/
South County Brewing Co.,104 Mill St.,Fawn Grove,Pennsylvania,United States,http://www.southcountybrewing.com/
The Bruery,715 Dunn Way,Placentia,California,United States,http://www.thebruery.com/
Erie Brewing Company,1213 Veshecco Drive,Erie,Pennsylvania,United States,http://www.eriebrewingco.com
Montana Brewing,113 North Broadway,Billings,Montana,United States,NA
Big Time Brewing,4133 University Way NE,Seattle,Washington,United States,http://www.bigtimebrewery.com/
Breckenridge Brewery,471 Kalamath Street,Denver,Colorado,United States,http://www.breckbrew.com/
Karl Strauss Brewery Gardens - Sorrento Mesa,9675 Scranton Road,San Diego,California,United States,NA
Cugino Brewing Company,1501 East Wilson,Batavia,Illinois,United States,NA
Brauhaus Brew Hall,111 Main Street,Lucan,Minnesota,United States,http://www.braubrothersbrewing.com/
Bullfrog Brewery,231 W. Fourth Street,Williamsport,Pennsylvania,United States,http://www.bullfrogbrewery.com
Magic Hat,5 Bartlett Bay Road,South Burlington,Vermont,United States,http://www.magichat.net/
Wharf Rat,206 W. Pratt St.,Baltimore,Maryland,United States,http://www.thewharfrat.com
Amherst Brewing Company,24 North Pleasant Street,Amherst,Massachusetts,United States,http://www.amherstbrewing.com/
Kuhnhenn Brewing,5919 Chicago Road,Warren,Michigan,United States,http://www.kbrewery.com/
Vintage 50 Restaurant and Brew Lounge,50 Catoctin Ct. NE #100,Leesburg,Virginia,United States,http://www.vintage50.com/
Captain Lawrence Brewing Company,99 Castleton Street,Pleasantville,New York,United States,http://www.captainlawrencebrewing.com/
Blue Cat Brew Pub,113 18th Street,Rock Island,Illinois,United States,NA
Humboldt Brewing,856 10th Street,Arcata,California,United States,http://www.humboldtbrews.com/
Top of the Hill Restaurant and Brewery,101 East Franklin Street,Chapel Hill,North Carolina,United States,NA
La Jolla Brewing,NA,La Jolla,California,United States,NA
SandLot Brewery at Coors Field,2145 Blake Street,Denver,Colorado,United States,NA
Harbor City Brewing,535 West Grand Avenue,Port Washington,Wisconsin,United States,NA
Old Hat Brewery,114 North Main Street,Lawton,Michigan,United States,NA
Southend Brewery and Smokehouse - Charleston,161 East Bay Street,Charleston,South Carolina,United States,NA
Bristol Brewing,1647 South Tejon Street,Colorado Springs,Colorado,United States,NA
Indian Wells Brewing,2565 North Highway 14,Inyokern,California,United States,NA
Far West Ireland Brewing,NA,Redmond,Washington,United States,NA
Cold Spring Brewing,219 Red River Avenue North,Cold Spring,Minnesota,United States,http://www.coldspringbrewery.com/
Craftsman Brewing,1260 Lincoln Avenue #100,Pasadena,California,United States,NA
Fox River Brewing #1,1501 Arboretum Drive,Oshkosh,Wisconsin,United States,NA
Pleasanton Main Street Brewery,830 Main Street,Pleasanton,California,United States,NA
Palmetto Brewing,289 Huger Street,Charleston,South Carolina,United States,NA
Deschutes Brewery,901 SW Simpson Avenue,Bend,Oregon,United States,http://www.deschutesbrewery.com/
Sea Dog Brewing Company,26 Front Street,Bangor,Maine,United States,http://www.seadogbrewing.com/
Wynkoop Brewing,1634 18th Street,Denver,Colorado,United States,http://www.wynkoop.com/
Sacramento Brewing Company,2713 El Paseo Lane,Sacramento,California,United States,http://sacbrew.blogspot.com/
Smuttynose Brewing Co.,225 Heritage Ave,Portsmouth,New Hampshire,United States,http://www.smuttynose.com/
Nor'Wester Brewery and Public House,NA,Portland,Oregon,United States,NA
Flying Bison Brewing,491 Ontario Street,Buffalo,New York,United States,http://www.flyingbisonbrewing.com
Pacific Coast Brewing,906 Washington Street,Oakland,California,United States,NA
McKenzie Brew House,451 Wilmington-West Chester Pike,Glen Mills,Pennsylvania,United States,http://www.mckenziebrewhouse.com
Pyramid Ales Brewery,91 S Royal Brougham Way,Seattle,Washington,United States,http://www.pyramidbrew.com/
Abita Brewing Company,PO Box 1510,Abita Springs,Louisiana,United States,http://www.abita.com/
Left Coast Brewing,1245 Puerta del Sol,San Clemente,California,United States,NA
Steve and Clark's Brew Pub and Sausage Co. #2,NA,Durham,North Carolina,United States,NA
Ali`i Brewing,NA,Honolulu,Hawaii,United States,NA
Kona Brewing,75-5629 Kuakini Highway,Kailua-Kona,Hawaii,United States,http://www.konabrewingco.com
Marshall Brewing Company,618 S. Wheeling Ave,Tulsa,Oklahoma,United States,http://marshallbrewing.com
Fish Brewing Company & Fish Tail Brewpub,515 Jefferson Street SE,Olympia,Washington,United States,http://www.fishbrewing.com/
Three Floyds Brewing,9750 Indiana Parkway,Munster,Indiana,United States,http://www.threefloydspub.com/
"Fitger's Brewhouse, Brewery and Grill",600 East Superior Street,Duluth,Minnesota,United States,NA
South Shore Brewery,808 West Main Street,Ashland,Wisconsin,United States,NA
Northwoods Brewpub Grill,3560 Oakwood Mall Drive,Eau Claire,Wisconsin,United States,NA
Eel River Brewing,1777 Alamar Way,Fortuna,California,United States,http://eelriverbrewing.com/
Listermann Brewing Company,1621 Dana Ave.,Cincinnati,Ohio,United States,http://www.listermann.com/
The Livery,190 5th Street,Benton Harbor,Michigan,United States,http://liverybrew.com/
Moon River Brewing Company,21 W. Bay St.,Savannah,Georgia,United States,http://www.moonriverbrewing.com/
Capital City Brewing Company,"1100 New York Ave, NW",Washington,District of Columbia,United States,http://www.capcitybrew.com
Trailhead Brewing Company,921 South Riverside Drive,Saint Charles,Missouri,United States,NA
Mickey Finn's Brewery,412 North Milwaukee Avenue,Libertyville,Illinois,United States,NA
Crooked River Brewing,NA,Cleveland,Ohio,United States,NA
Boundary Bay Brewery and Bistro,1107 Railroad Avenue,Bellingham,Washington,United States,NA
Great Dane Pub and Brewing #1,123 East Doty Street,Madison,Wisconsin,United States,NA
Sprecher Brewing,701 West Glendale Avenue,Glendale,Wisconsin,United States,http://www.sprecherbrewery.com/
Calhoun's Microbrewery,6515 Kingston Pike,Knoxville,Tennessee,United States,NA
Rocky River Brewing,21290 Center Ridge Road,Rocky River,Ohio,United States,NA
Alaskan Brewing,5429 Shaune Drive,Juneau,Alaska,United States,http://www.alaskanbeer.com/
Tommyknocker Brewery and Pub,1401 Miner Street,Idaho Springs,Colorado,United States,http://www.tommyknocker.com/
Gordon Biersch Brewing,357 East Taylor Street,San Jose,California,United States,http://www.gordonbiersch.com/brewery
Thomas Kemper Brewing,91 South Royal Brougham,Seattle,Washington,United States,NA
Emery Pub,NA,Emeryville,California,United States,NA
Wainwright Brewing,3410 Sassafras Street,Pittsburgh,Pennsylvania,United States,NA
Oasis Brewery Annex,NA,Boulder,Colorado,United States,NA
Alpine Beer Company,2351 Alpine Boulevard,Alpine,California,United States,http://www.alpinebeerco.com/
BridgePort Brewing,1313 NW Marshall Street,Portland,Oregon,United States,http://www.bridgeportbrew.com/
Clipper City Brewing Co.,4615-B Hollins Ferry Road,Baltimore,Maryland,United States,http://www.ccbeer.com/
Caldera Brewing,540 Clover Lane,Ashland,Oregon,United States,http://www.calderabrewing.com
Yazoo Brewing,910 Division St,Nashville,Tennessee,United States,http://www.yazoobrew.com
Breckenridge BBQ of Omaha,NA,Omaha,Nebraska,United States,NA
Avery Brewing Company,5763 Arapahoe Avenue,Boulder,Colorado,United States,http://www.averybrewing.com/
Green Mill Brewing - Saint Paul,57 Hamline Avenue South,Saint Paul,Minnesota,United States,NA
Long Valley Pub & Brewery,1 Fairmount Road,Long Valley,New Jersey,United States,NA
Trap Rock Restaurant and Brewery,279 Springfield Avenue,Berkeley Heights,New Jersey,United States,NA
O'Hara's Brewpub and Restaurant,NA,Saint Cloud,Minnesota,United States,NA
Flat Branch Pub & Brewing,115 S. Fifth St.,Columbia,Missouri,United States,http://www.flatbranch.com
Dillon Dam Brewery,100 Little Dam Road,Dillon,Colorado,United States,NA
Jasper Ridge Brewery,1075 Country Lane,Ishpeming,Michigan,United States,NA
Atwater Block Brewing,237 Joseph Campau Street,Detroit,Michigan,United States,http://www.atwaterbeer.com
Hawks Brewing,NA,Roseburg,Oregon,United States,NA
Margaritaville Brewing Company,NA,Jacksonville,Florida,United States,http://www.landsharklager.com/
Selin's Grove Brewing Co.,121 North Market St.,Selinsgrove,Pennsylvania,United States,http://www.selinsgrovebrewing.com/
Live Oak Brewing,3301-B East Fifth Street,Austin,Texas,United States,http://www.liveoakbrewing.com/
Dixie Brewing,2401 Tulane Avenue,New Orleans,Louisiana,United States,NA
Portsmouth Brewery,56 Market Street,Portsmouth,New Hampshire,United States,http://www.portsmouthbrewery.com/
Chelsea Brewing Company,"Chelsea Piers, Pier 59",New York,New York,United States,http://chelseabrewingco.com/
Brown Street Brewery,16 North Brown Street,Rhinelander,Wisconsin,United States,NA
Barley Island Brewing,639 Conner Street,Noblesville,Indiana,United States,NA
"BJ's Pizza, Grill, and Brewery - Jantzen Beach",12105 North Center Avenue,Portland,Oregon,United States,NA
High Falls Brewing,445 St.Paul Street,Rochester,New York,United States,NA
Platte Valley Brewing,14 East Railroad,Kearney,Nebraska,United States,NA
Barrel House Brewing Co.,544B W. Liberty St.,Cincinnati,Ohio,United States,http://www.barrelhouse.com
"BBC Brewing Co., LLC",636 East Main Street,Louisville,Kentucky,United States,http://www.bluegrassbrew.com
Rock Art Brewery,254 Wilkins Street,Morrisville,Vermont,United States,http://www.rockartbrewery.com/
Founders Hill Brewing,NA,Downers Grove,Illinois,United States,NA
James Page Brewing,1500 Jackson Street,Minneapolis,Minnesota,United States,NA
Pennichuck Brewing Company,"127 Elm St., Unit C",Milford,New Hampshire,United States,http://www.pennichuckbrewing.com/
Estes Park Brewery,470 Prospect Village Dr.,Estes Park,Colorado,United States,http://www.epbrewery.net/
Dark Horse Brewing Co.,511 S. Kalamazoo Ave.,Marshall,Michigan,United States,http://www.darkhorsebrewery.com/
Wisconsin Brewing,NA,Wauwatosa,Wisconsin,United States,NA
Philadelphia Brewing Co,2423 Amber St,Philadelphia,Pennsylvania,United States,http://philadelphiabrewing.com/index.htm
Widmer Brothers Brewing,929 North Russell Street,Portland,Oregon,United States,NA
Flyers Restraunt and Brewery,32295 State Route 20,Oak Harbor,Washington,United States,http://www.eatatflyers.com/
Sweetwater Brewing - Atlanta,195 Ottley Drive,Atlanta,Georgia,United States,http://www.sweetwaterbrew.com/
Founders Brewing,235 Grandville Avenue SW,Grand Rapids,Michigan,United States,http://www.foundersbrewing.com/
Taylor's Restaurant and Brewery,NA,San Diego,California,United States,NA
First Coast Brewing,NA,Wilmington,North Carolina,United States,NA
Keg Microbrewery & Restaurant,NA,Stevens Point,Wisconsin,United States,NA
Upstream Brewing Company at Legacy,17070 Wright Plaza,Omaha,Nebraska,United States,NA
Callahan's Pub and Brewery,8280-A Mira Mesa Boulevard,San Diego,California,United States,NA
Millrose Brewing,45 South Barrington Road,South Barrington,Illinois,United States,NA
O'Grady's Brewery and Pub #1,NA,Arlington Heights,Illinois,United States,NA
Arcadia Brewing,103 West Michigan Avenue,Battle Creek,Michigan,United States,http://www.arcadiaales.com/
Porterhouse Restaurant and Brewpub,5775 Lower Mountain Road,Lahaska,Pennsylvania,United States,NA
Cheshire Cat Brewery,7803 Ralston Road,Arvada,Colorado,United States,NA
Onion Pub & Brewery,22221 Pepper Road,Lake Barrington,Illinois,United States,NA
Logjam Microbrewery,B-4864 Cty Rd F,Unity,Wisconsin,United States,http://www.logjambeer.com/
Bayern Brewing,1507 Montana Street,Missoula,Montana,United States,NA
Bavarian Barbarian Brewing Company,429 W. 3rd St,Williamsport,Pennsylvania,United States,http://www.bavarianbarbarian.com
Michigan Brewing,1093 Highview Drive,Webberville,Michigan,United States,http://www.michiganbrewing.com/
Big Buck Brewery and Steakhouse #2,NA,Grand Rapids,Michigan,United States,NA
Spoetzl Brewery,603 East Brewery Street,Shiner,Texas,United States,http://www.shiner.com
Dixon's Downtown Grill,NA,Denver,Colorado,United States,NA
LaConner Brewing,117 South First Street,LaConner,Washington,United States,http://www.insidelaconner.com/
Harvest Moon Brewery / Cafe,392 George Street,New Brunswick,New Jersey,United States,NA
Wild River Brewing and Pizza - Cave Junction,249 North Redwood Highway,Cave Junction,Oregon,United States,NA
Beach Chalet Brewery,1000 Great Highway,San Francisco,California,United States,NA
Port Brewing Company,155 Mata Way Suite 104,San Marcos,California,United States,http://www.portbrewing.com/
Bison Brewing,2598 Telegraph Avenue,Berkeley,California,United States,NA
Dirt Cheap Cigarettes and Beer,895 Bolger Court,Fenton,Missouri,United States,NA
Hops Grillhouse & Brewery - Cherry Creek,149 Steele Street,Denver,Colorado,United States,NA
Sturgeon Bay Brewing,NA,Sturgeon Bay,Wisconsin,United States,NA
Hair of the Dog Brewing,4509 SE 23rd Avenue,Portland,Oregon,United States,NA
Golden Valley Brewery and Pub,980 NE Fourth Street,McMinnville,Oregon,United States,http://www.goldenvalleybrewery.com/
BluCreek Brewing Company,2605 South Stoughton Road,Madison,Wisconsin,United States,NA
Mercury Brewing Company,23 Hayward St.,Ipswich,Massachusetts,United States,http://www.mercurybrewing.com
Pugsley Brewing LLC,NA,Portland,Maine,United States,NA
Harmon Brewing Company,1938 Pacific Avenue,Tacoma,Washington,United States,http://harmon.harmonbrewingco.com/
Brewery Vivant,925 Cherry Street SE,Grand Rapids,MI,United States,http://breweryvivant.com
Terminal Gravity Brewing,803 SE School Street,Enterprise,Oregon,United States,NA
BJ's Restaurant and Brewery,600 Brea Mall,Brea,California,United States,http://www.bjsrestaurants.com/beer.aspx
Tunner's Guild Brewing Systems,NA,Saint Paul,Minnesota,United States,NA
Castle Springs Brewery,NA,Moultonborough,New Hampshire,United States,NA
CJ's Brewery & Grill,NA,La Jolla,California,United States,NA
Brewery at Martha's Vineyard,NA,Oak Bluffs,Massachusetts,United States,NA
Rail House Restaurant and Brewpub,2029 Old Peshtigo Road,Marinette,Wisconsin,United States,NA
Atlantic Brewing Company,15 Knox Rd.,Bar Harbor,Maine,United States,http://www.atlanticbrewing.com
Duck-Rabbit Craft Brewery,4519 W. Pine Street,Farmville,North Carolina,United States,http://www.duckrabbitbrewery.com/
Sudwerk Privatbrauerei Hbsch,2001 Second Street,Davis,California,United States,NA
Silver Gulch Brewing Company,2195 Old Steese Highway,Fox,Alaska,United States,http://www.ptialaska.net/~gbrady/
Dempsey's Restaurant & Brewery,50 East Washington Street,Petaluma,California,United States,NA
Drake's Brewing,1933 Davis Street #177,San Leandro,California,United States,http://drinkdrakes.com/
Paper City Brewing Company,108 Cabot St.,Holyoke,Massachusetts,United States,NA
Barley Brothers Brewery and Grill,1425 McCulloch Boulevard,Lake Havasu City,Arizona,United States,NA
Hook & Ladder Brewing Company,8113 Fenton St.,Silver Spring,Maryland,United States,http://www.hookandladderbeer.com
Lafayette Brewing,622 Main Street,Lafayette,Indiana,United States,NA
Pinnacle Peak Patio Steakhouse & Microbrewery,10426 East Jomax Road,Scottsdale,Arizona,United States,NA
Gore Range Brewery,105 Edwards Village Boulevard,Edwards,Colorado,United States,NA
Thunderhead Brewery,18 East 21st Street,Kearney,Nebraska,United States,NA
Snipes Mountain Microbrewery & Restaurant,905 Yakima Valley Highway,Sunnyside,Washington,United States,NA
Highland Brewing Company,12 Old Charlotte Highway,Asheville,North Carolina,United States,http://www.highlandbrewing.com/
Pabst Brewing Company,PO Box 1661,San Antonio,Texas,United States,http://www.pabst.com/
Golden Pacific Brewing,NA,Berkeley,California,United States,NA
Murphy's Wagon Wheel,107 North Lincoln Avenue,Hastings,Nebraska,United States,NA
Pinehurst Village Brewery,NA,Aberdeen,North Carolina,United States,NA
Heavenly Daze Brewery and Grill,NA,Denver,Colorado,United States,NA
Legends Brewhouse & Eatery of Green Bay,2840 Shawano Avenue,Green Bay,Wisconsin,United States,NA
Cherryland Brewing,NA,Sturgeon Bay,Wisconsin,United States,NA
Raccoon River Brewing,200 North Tenth Street,Des Moines,Iowa,United States,NA
HC Berger Brewing,NA,Fort Collins,Colorado,United States,NA
Prairie Rock Brewing - Elgin,127 South Grove Avenue,Elgin,Illinois,United States,NA
Red Oak Brewery,6901 Konica Drive,Whitsett,North Carolina,United States,http://www.redoakbrewery.com
Pony Express Brewing,NA,Olathe,Kansas,United States,NA
New River Brewing,2015 Afond Court,Atlanta,Georgia,United States,NA
Wolf Tongue Brewery,35 E. First St.,Nederland,Colorado,United States,NA
Twin Ports Brewing,NA,Superior,Wisconsin,United States,NA
Hops Haven Brew Haus,1327 North 14th Street,Sheboygan,Wisconsin,United States,NA
Beach Brewing,NA,Orlando,Florida,United States,NA
Jack Russell Brewing,2380 Larsen Drive,Camino,California,United States,NA
Grumpy Troll Restaurant and Brewery,105 South Second Street,Mount Horeb,Wisconsin,United States,NA
Rothaus Brauerei,NA,Hartford,Wisconsin,United States,NA
Mountain Sun Pub & Brewery,1535 Pearl Street,Boulder,Colorado,United States,NA
Devil Mountain Brewing,NA,Cincinnati,Ohio,United States,NA
Mendocino Brewing - Ukiah,1601 Airport Road,Ukiah,California,United States,NA
Stillwater Artisanal Ales,NA,Baltimore,Maryland,United States,http://www.stillwaterales.com/
Allagash Brewing,100 Industrial Way,Portland,Maine,United States,http://www.allagash.com/
Valley Forge Brewing,NA,Wayne,Pennsylvania,United States,NA
Climax Brewing Copmany,112 Valley Road,Roselle Park,New Jersey,United States,http://www.climaxbrewing.com/
(512) Brewing Company,"407 Radam, F200",Austin,Texas,United States,http://512brewing.com/
Wedge Brewery,125B Roberts St,Asheville,NC,United States,http://wedgebrewing.com/
Oakshire,NA,Eugene,Or,United States,NA
Baron Brewing Company,1605 S 93rd Building E Unit L,Seattle,Washington,United States,http://www.baronbeer.com/
JoBoy's Brew Pub,87 Doe Run Rd,Manheim,Pennsylvania,United States,http://www.joboysbrewpub.com/
Marin Brewing,1809 Larkspur Landing Circle,Larkspur Landing,California,United States,NA
California Cider Company,NA,San Rafael,California,United States,NA
Green Bay Brewing,313 Dousman Street,Green Bay,Wisconsin,United States,NA
Mendocino Brewing - Hopland,13351 Highway 101,Hopland,California,United States,NA
"Wild Goose Brewery, LLC",4607 Wedgewood Blvd.,Fredrick,Maryland,United States,http://www.wildgoosebrewery.com/
Raccoon Lodge and Brewpub / Cascade Brewing,7424 SW Beaverton-Hillsdale Hwy,Portland,Oregon,United States,http://www.raclodge.com/
Pennsylvania Brewing,800 Vinial Street,Pittsburgh,Pennsylvania,United States,NA
Southampton Publick House,40 Bowden Square,Southampton,New York,United States,http://southamptonbrewery.com
Boulder Beer Company,2880 Wilderness Place,Boulder,Colorado,United States,http://boulderbeer.com/
Big Horn Brewing @ The RAM 2,700 North Milwaukee Avenue,Wheeling,Illinois,United States,NA
Cat's Paw Home Brew,NA,NA,NA,United States,NA
Emmett's Tavern and Brewery,128 West Main Street,West Dundee,Illinois,United States,NA
Eddie McStiff's Brewpub,57 South Main Street,Moab,Utah,United States,NA
New Albanian Brewing,3312 Plaza Drive,New Albany,Indiana,United States,http://www.newalbanian.com
D.L. Geary Brewing Company,38 Evergreen Drive,Portland,Maine,United States,http://www.gearybrewing.com
Long Trail Brewing Co,Route 4 & 100A,Bridgewater Corners,Vermont,United States,http://www.longtrail.com/
The Blind Bat Brewery LLC,420 Harrison Drive,Centerport,New York,United States,http://www.blindbatbrewery.com/
Courthouse Pub,1001 South Eighth Street,Manitowoc,Wisconsin,United States,NA
Orlio Organic,5 Bartlett Bay Road,South Burlington,Vermont,United States,http://www.orlio.net/
Cambridge Brewing,1 Kendall Square #100,Cambridge,Massachusetts,United States,http://www.cambrew.com/
Diamondback Brewery,NA,Cleveland,Ohio,United States,NA
Ballast Point Brewing,5401 Linda Vista Road #406,San Diego,California,United States,http://www.ballastpoint.com/
Ohio Brewing,NA,Niles,Ohio,United States,NA
Maumee Bay Brewing,27 Broadway,Toledo,Ohio,United States,NA
Stone City Brewing,NA,Solon,Iowa,United States,NA
Rivertowne Pour House,312 Center Rd,Monroeville,Pennsylvania,United States,http://www.myrivertowne.com/
The St. Louis Brewrey,2100 Locust Street,St. Louis,MO,United States,http://http://www.schlafly.com
Sweetwater Brewing - Casper,NA,Casper,Wyoming,United States,NA
ReaperAle,NA,Foothill Ranch,California,United States,NA
Metropolitan Brewing,"5121 N Ravenswood Ave,",Chicago,Illinois,United States,http://www.metrobrewing.com/
Maui Brewing Co.,4405 Honoapiilani Highway #217,"Lahaina, Maui",Hawaii,United States,http://mauibrewingco.com/
Utah Brewers Cooperative,1763 South 300 West,Salt Lake City,Utah,United States,http://www.utahbeers.com/
Front Street Brewery,208 East River Drive,Davenport,Iowa,United States,NA
Green Mountain Beverage,153 Pond Lane,Middlebury,Vermont,United States,http://www.gmbeverage.com/
Wolf Pack Brewing,111 South Canyon Street,West Yellowstone,Montana,United States,NA
Basil T's Brew Pub and Italian Grill,1171 Hooper Avenue,Toms River,New Jersey,United States,NA
East End Brewing Company,6923 Susquehanna St.,Pittsburgh,Pennsylvania,United States,http://www.eastendbrewing.com/
Sonoran Brewing Company,10426 East Jomax Road,Scottsdale,Arizona,United States,http://www.sonoranbrewing.com/
Stout Brothers Public House,NA,Milwaukee,Wisconsin,United States,NA
Sanford's Grub and Pub,5 East Alger Street,Sheridan,Wyoming,United States,NA
Blitz-Weinhard Brewing,Portland OR 97209,Portland,Oregon,United States,NA
Diamond Bear Brewing Co.,323-C Cross Street,Little Rock,Arkansas,United States,http://www.diamondbear.com/
Idaho Brewing,NA,Idaho Falls,Idaho,United States,NA
Union Barrel Works,6 N. Reamstown Road,Reamstown,Pennsylvania,United States,http://www.unionbarrelworks.com/
Flatlander's Restaurant & Brewery,200 Village Green,Lincolnshire,Illinois,United States,NA
Big Hole Brewing,401 East Main Street,Belgrade,Montana,United States,NA
Umpqua Brewing,NA,Roseburg,Oregon,United States,NA
Cooper's Cave Ale Company,2 Sagamore Street,Glens Falls,New York,United States,http://www.cooperscaveale.com/
Double Mountain Brewery & Taproom,8 Fourth Street,Hood River,Oregon,United States,http://www.doublemountainbrewery.com/
Warwick Valley Wine Co.,114 Little York Rd,Warwick,NY,United States,http://www.wvwinery.com
Iron Springs Pub & Brewery,765 Center Boulevard,Fairfax,California,United States,NA
Ska Brewing Company,545 Turner Drive,Durango,Colorado,United States,http://www.skabrewing.com/
Anderson Valley Brewing,17700 Boonville Rd,Boonville,California,United States,http://avbc.com/
Ramapo Valley Brewery,143 Highway 59 Building 6,Hillburn,New York,United States,NA
PH Woods Diner and Brewery,23060 Alessandro Boulevard,Moreno Valley,California,United States,NA
Tuppers Hop Pocket Ale,6404 Redwing Road,Bethesda,Maryland,United States,NA
Big Buck Brewery,550 South Wisconsin Avenue,Gaylord,Michigan,United States,http://www.bigbuck.com/gaylord.html
August Schell Brewing,1860 Schell Road,New Ulm,Minnesota,United States,http://www.schellsbrewery.com/
Commonwealth Brewing #1,NA,Boston,Massachusetts,United States,NA
Miller Brewing,3939 W. Highland Blvd,Milwaukee,Wisconsin,United States,http://www.millerbrewing.com
Bonfire Brewery,NA,Northville,Michigan,United States,NA
John Harvard's Brew House - Harvard Square,33 Dunster Street,Cambridge,Massachusetts,United States,NA
Copper Kettle Brewery,339 Fairground Rd,Millmont,Pennsylvania,United States,http://www.ckbrewery.com/
Viking Brewing,234 Dallas Street West,Dallas,Wisconsin,United States,NA
Lake Louie Brewing,7556 Pine Road,Arena,Wisconsin,United States,NA
Corner Pub,100 Main Street,Reedsburg,Wisconsin,United States,NA
Jarre Creek Ranch Brewing,NA,Castle Rock,Colorado,United States,NA
Roy Pitz Brewing Company,140 North Third Street,Chambersburg,Pennsylvania,United States,http://roypitz.com/
Etna Brewing,131 Callahan,Etna,California,United States,NA
ThirstyBear Brewing,661 Howard Street,San Francisco,California,United States,NA
Bottom's Up Brewing,402 West Pine Street,Pinedale,Wyoming,United States,NA
Circle V Brewing,NA,Indianapolis,Indiana,United States,NA
Portland Brewing,2730 NW 31st Avenue,Portland,Oregon,United States,NA
Lake Superior Brewing,2711 West Superior Street,Duluth,Minnesota,United States,NA
Rockyard Brewing,880 West Castleton Road,Castle Rock,Colorado,United States,NA
Issaquah Brewhouse,35-C West Sunset Way,Issaquah,Washington,United States,NA
Yuengling & Son Brewing,310 Mill Creek Avenue,Pottsville,Pennsylvania,United States,http://www.yuengling.com
Big Boss Brewing Company,1249-A Wicker Drive,Raleigh,North Carolina,United States,http://www.bigbossbrewing.com
Joshua Huddy's Brew Pub and Grill,NA,Toms River,New Jersey,United States,NA
Roost Brewery,200 East Campbell Avenue,Campbell,California,United States,NA
Capitol City Brewing #4,2700 South Quincy Street,Arlington,Virginia,United States,NA
Pelican Pub & Brewery,33180 Cape Kiwanda Drive,Pacific City,Oregon,United States,http://www.pelicanbrewery.com/
Coastal Fog Brewing,NA,Concord,California,United States,NA
Pint's Pub Brewery and Freehouse,211 West 13th Avenue,Denver,Colorado,United States,NA
Mishawaka Brewing,3703 North Main Street,Mishawaka,Indiana,United States,NA
Upland Brewing,350 West Eleventh Street,Bloomington,Indiana,United States,http://www.uplandbeer.com
Elm City Brewing Co,222 West St # 46,Keene,New Hampshire,United States,http://www.elmcitybrewing.com/
Surly Brewing,4811 Dusharme Drive,Brooklyn Center,Minnesota,United States,http://www.surlybrewing.com/
Alameda Brewhouse,4765 NE Fremont,Portland,Oregon,United States,NA
Piece,1927 West North Avenue,Chicago,Illinois,United States,NA
Cricket Hill,24 Kulick Road,Fairfield,New Jersey,United States,http://www.crickethillbrewery.com
Yellowstone Valley Brewing,2123 1st Avenue North,Billings,Montana,United States,http://www.yellowstonevalleybrew.com
Hubcap Brewery and Kitchen,NA,Vail,Colorado,United States,NA
Wild Onion Brewing,NA,Lake Barrington,Illinois,United States,NA
Barley's #2 Smokehouse and Brewpub,1130 Dublin Road,Columbus,Ohio,United States,NA
Panther Brewing Company,Utica NY 13502,Utica,New York,United States,NA
Boscos Memphis Brewing,NA,Germantown,Tennessee,United States,NA
Mogollon Brewing Company,4366 Huntington Dr,Flagstaff,Arizona,United States,http://www.mogbrew.com/
Boston Beer Works,61 Brookline Avenue,Boston,Massachusetts,United States,NA
Firehouse Brewing,610 Main Street,Rapid City,South Dakota,United States,NA
Rubicon Brewing,2004 Capitol Avenue,Sacramento,California,United States,NA
Island Brewing Company,5049 Sixth Street,Carpinteria,California,United States,NA
Pug Ryan's Steakhouse and Brewery,104 Village Place,Dillon,Colorado,United States,NA
Schooner's Grille & Brewery,4250 Lone Tree Way,Antioch,California,United States,NA
Upper Mississippi Brewing,NA,Clinton,Iowa,United States,NA
Seabright Brewery,519 Seabright Avenue #107,Santa Cruz,California,United States,NA
Firestone Walker Brewing Company,1400 Ramada Drive,Paso Robles,California,United States,http://www.firestonewalker.com/
Hoppy Brewing Company,6300 Folsom Boulevard,Sacramento,California,United States,http://www.hoppy.com
Bethlehem Brew Works,569 Main St,Bethlehem,Pennsylvania,United States,http://www.thebrewworks.com/bethlehem-brew-works
Asheville Pizza and Brewing Co.,675 Merrimon Avenue,Asheville,North Carolina,United States,http://www.ashevillepizza.com/
Old Dominion Brewing Co.,1284 McD Drive,Dover,Delaware,United States,http://www.olddominion.com/
Ellicott Mills Brewing,8308 Main Street,Ellicott City,Maryland,United States,http://www.ellicottmillsbrewing.com
Pumphouse Brewery & Restaurant,540 Main Street,Longmont,Colorado,United States,NA
America's Brewing,205 North Broadway,Aurora,Illinois,United States,NA
Black Toad Brewing Company,Chicago IL 60612,Chicago,Illinois,United States,NA
Oldenberg Brewery,NA,Fort Mitchell,Kentucky,United States,NA
Minhas Craft Brewery,1208 14th Avenue,Monroe,Wisconsin,United States,NA
Saint Somewhere Brewing Company,1441 Savannah Ave Unit E,Tarpon Springs,Florida,United States,http://www.saintsomewherebrewing.com/
Sweet Water Tavern and Brewery,45980 Waterview Plaza,Sterling,Virginia,United States,http://www.greatamericanrestaurants.com/sweetMainSter/index.htm
John Harvard's Brewhouse - Wilmington,NA,Wilmington,Delaware,United States,NA
Rock Bottom Restaurant & Brewery - San Jose,1875 South Bascom Avenue #700,Campbell,California,United States,NA
Bellows Brew Crew,NA,Watertown,Wisconsin,United States,NA
Mississippi Brewing Co.,NA,Utica,New York,United States,NA
White Winter Winery,7665 US Highway 2,Iron River,Wisconsin,United States,NA
Roots Organic Brewing,1520 SE Seventh Avenue,Portland,Oregon,United States,NA
Sleeping Lady Brewing Company,717 W. 3rd Ave,Anchorage,Alaska,United States,http://www.alaskabeers.com/
Carolina Brewery,460 West Franklin Street,Chapel Hill,North Carolina,United States,NA
Iron City Brewing Co.,3340 Liberty Ave.,Pittsburgh,Pennsylvania,United States,http://www.ironcitybrewingcompany.com/Default.aspx
Barley's Casino & Brewing Company,4500 East Sunset Road #30,Henderson,Nevada,United States,NA
Aksarben Brewing (BOP),11337 Davenport St.,Omaha,Nebraska,United States,NA
Oyster Bar Bistro and Brewery,NA,Fort Wayne,Indiana,United States,NA
Ukiah Brewing,102 South State Street,Ukiah,California,United States,NA
Tailgate Beer,6648 Reservoir Ln,San Diego,California,United States,http://www.tailgatebeer.com/indexmain.php
Golden City Brewery,920 Twelfth Street,Golden,Colorado,United States,NA
Traffic Jam and Snug,4268 Second Street,Detroit,Michigan,United States,NA
Alltech's Lexington Brewing Company,401 Cross Street,Lexington,Kentucky,United States,http://www.kentuckyale.com/kentuckyale/Index.html
Railway Brewing,NA,Anchorage,Alaska,United States,NA
Denmark Brewing,NA,Denmark,Wisconsin,United States,NA
Charlie and Jake's Brewery and BBQ,6300 North Wickham Road #137,Melbourne,Florida,United States,NA
Mambo Beer,10920 North Port Washington Road,Mequon,Wisconsin,United States,NA
Sequoia Brewing Conoabt,777 East Olive Avenue,Fresno,California,United States,http://www.sequoiabrewing.com/
Pizzeria Uno Chicago Grill & Brewery,61 US Highway 1 South,Metuchen,New Jersey,United States,NA
Aviator Brewing Company,209 Technology Park Lane,Fuquay Varina,North Carolina,United States,http://www.aviatorbrew.com/
Backwater Brewing,1429 West Service Drive,Winona,Minnesota,United States,NA
Shipwrecked Brew Pub,7791 Egg Harbor Road,Egg Harbor,Wisconsin,United States,NA
Barley's Brewing #1,467 North High Street,Columbus,Ohio,United States,NA
Big Dog's Brewing Company,4543 North Rancho Road,Las Vegas,Nevada,United States,NA
Tustin Brewing,13011 Newport Avenue #100,Tustin,California,United States,NA
Kalamazoo Brewing,355 East Kalamazoo Avenue,Kalamazoo,Michigan,United States,NA
Rush River Brewing,990 Antler Court,River Falls,Wisconsin,United States,NA
Glacier Brewhouse,"737 W. 5th Ave., Suite 110",Anchorage,Alaska,United States,http://www.glacierbrewhouse.com/
Grizzly Peak Brewing,120 West Washington Street,Ann Arbor,Michigan,United States,NA
JJ Bitting Brewing,33 Main Street,Woodbridge,New Jersey,United States,NA
Spilker Ales,300 West Fourth Street,Cortland,Nebraska,United States,NA
Iron Hill Brewery - Newark,147 East Main Street,Newark,Delaware,United States,NA
Moonlight Brewing,PO Box 316,Fulton,California,United States,NA
Elk Grove Brewery & Restaurant,9085 Elk Grove Boulevard,Elk Grove,California,United States,NA
Wagner Valley Brewing,9322 State Route 414,Lodi,New York,United States,NA
EndeHouse Brewery and Restaurant,NA,Reedsburg,Wisconsin,United States,NA
Milagro Brewery and Grill,NA,Bernalillo,New Mexico,United States,NA
Herkimer Pub & Brewery,2922 Lyndale Avenue South,Minneapolis,Minnesota,United States,NA
White Oak Cider,18452 NE Ribbon Ridge Road,Newberg,Oregon,United States,NA
Green Flash Brewing,1430 Vantage Court #104A,Vista,California,United States,http://www.greenflashbrew.com
Flat Earth Brewing Company,2035 Benson Avenue,St. Paul,Minnesota,United States,http://flatearthbrewing.com/
Augusta Brewing,5221 Water Street,Augusta,Missouri,United States,NA
Blacksburg Brewing Company,P.O. Box 315,Blacksburg,Virginia,United States,http://www.blacksburgbrewing.com/
The Cambridge House,357 Salmon Brook Street,Granby,Connecticut,United States,http://www.cambridgebrewhouse.com/
Deep Creek Brewing,NA,McHenry,Maryland,United States,NA
Western Reserve Brewing,NA,Cleveland,Ohio,United States,NA
Mill Steakhouse,5798 South Rapp Street,Littleton,Colorado,United States,NA
Second Street Brewery,1814 Second Street,Santa Fe,New Mexico,United States,http://www.secondstreetbrewery.com/
Union Colony Brewery,NA,Greeley,Colorado,United States,NA
Steel Brewing,NA,Longview,Texas,United States,NA
HopTown Brewing,3015-D Hopyard Road,Pleasanton,California,United States,NA
Lost Coast Brewery,617 Fourth Street,Eureka,California,United States,http://www.lostcoast.com/
Golden Gate Park Brewery,NA,San Francisco,California,United States,NA
Lazy Magnolia Brewing Company,7030 Roscoe Turner Rd,Kiln,Mississippi,United States,http://www.lazymagnolia.com/
Carver Brewing Co.,1022 Main Ave.,Durango,Colorado,United States,http://www.carverbrewing.com/_/home.htm
William Kuether Brewing,NA,Clear Lake,Wisconsin,United States,NA
Celis Brewery,NA,Austin,Texas,United States,NA
Eastern Shore Brewing,605 S. Talbot St.,St Michaels,Maryland,United States,http://www.easternshorebrewing.com/
Six Rivers Brewery,1300 Central Avenue,McKinleyville,California,United States,http://www.sixriversbrewery.com/
Gordash Brewing Company,3804 S.W 30th Ave,Fort Lauderdale,Florida,United States,http://holymackerelbeers.com/
Old City Brewing,603 West 13th Street #1A-345,Austin,Texas,United States,NA
Tallgrass Brewing Co.,8845 Quail Lane,Manhattan,KS,United States,http://www.tallgrassbeer.com
Third Street Ale Works,610 Third Street,Santa Rosa,California,United States,http://www.thirdstreetaleworks.com
Beermann's Beerwerks BrewPub,NA,Lincoln,California,United States,NA
Triumph Brewing of New Hope,400 Union Square,New Hope,Pennsylvania,United States,http://www.triumphbrewing.com/
Columbia Bay Brewery Restaurant and Pub,NA,Lake Villa,Illinois,United States,NA
Sixpoint Craft Ales,40 Van Dyke St,Brooklyn,New York,United States,http://www.sixpointcraftales.com/
Fort Collins Brewery,1900-B East Lincoln Avenue,Fort Collins,Colorado,United States,http://www.fortcollinsbrewery.com
Pizza Beer,5N404 Harvest Lane,St Charles,Illinois,United States,http://www.mammamiapizzabeer.com/
Shmaltz Brewing Company,NA,San Francisco,California,United States,http://www.shmaltz.com/
Brewery Creek Brewing,23 Commerce Street,Mineral Point,Wisconsin,United States,http://www.brewerycreek.com/
Blicks Brewing,NA,Colorado Springs,Colorado,United States,NA
John Harvard's Brew House - Framingham,1 Worcester Road,Framingham,Massachusetts,United States,NA
Aspen Brewing Company,555 North Mill Street,Aspen,Colorado,United States,http://aspenbrewingcompany.com
Grand Teton Brewing #1,1295 North West Street,Wilson,Wyoming,United States,NA
Smoky Mountain Brewing,424 South Gay Street,Knoxville,Tennessee,United States,NA
Belfast Bay Brewing Company,100 Searsport Avenue,Belfast,Maine,United States,http://www.belfastbaybrewing.com/
Park City Brewing,375 West 910 South,Heber City,Utah,United States,NA
Brew Makers,NA,Mountain View,California,United States,NA
Latrobe Brewing,NA,Latrobe,Pennsylvania,United States,NA
Oaken Barrel Brewing,50 North Airport Parkway,Greenwood,Indiana,United States,http://www.oakenbarrel.com/
Mill Creek Brewpub,11 North Palouse,Walla Walla,Washington,United States,NA
Watch City Brewing,256 Moody Street,Waltham,Massachusetts,United States,NA
Main Street Alehouse,333 North Main Avenue,Gresham,Oregon,United States,NA
Frontwaters Restaurant and Brewing,NA,Marblehead,Ohio,United States,NA
Kentucky Hemp Beer Company,NA,Lexington,Kentucky,United States,NA
Steamworks Brewing - Durango,801 East Second Avenue,Durango,Colorado,United States,NA
Independence Brewing Co,3913 Todd Lane #607,Austin,Texas,United States,http://www.independencebrewing.com/
Carmel Brewing,NA,Salinas,California,United States,NA
Santa Cruz Brewing,NA,Santa Cruz,California,United States,NA
Oconomowoc Brewing,NA,Oconomowoc,Wisconsin,United States,NA
Grand Lake Brewing,915 Grand Avenue,Grand Lake,Colorado,United States,NA
BT McClintic Beer Company,NA,Beloit,Wisconsin,United States,NA
Frederick Brewing,4607 Wedgewood Boulevard,Frederick,Maryland,United States,NA
Blue Ridge Brewing,217 North Main Street,Greenville,South Carolina,United States,http://www.blueridgebrewing.com/
Fauerbach Brewing Company,1714 Camus Lane,Madison,Wisconsin,United States,http://www.fauerbachbrewery.com/
Esser's Cross Plains Brewery,2109 Hickory Street,Cross Plains,Wisconsin,United States,http://www.essersbest.com/
FINNEGANS,619 10th St. South,Minneapolis,Minnesota,United States,http://www.finnegans.org
Oregon Trader Brewing,NA,Albany,Oregon,United States,NA
Leinenkugel's Ballyard Brewery,NA,Phoenix,Arizona,United States,NA
Butterfield Brewing #1,NA,Fresno,California,United States,NA
Mia and Pia's Pizzeria and Brewhouse,3545 Summers Lane (restaurant),Klamath Falls,Oregon,United States,NA
Crooked Waters Brewing,NA,Peoria,Illinois,United States,NA
Snowshoe Brewing - Sonora,NA,Sonora,California,United States,NA
Summit Brewing,910 Montreal Circle,Saint Paul,Minnesota,United States,http://www.summitbrewing.com/
"Amicas Pizza, Microbrews and More",136 East Second Street,Salida,Colorado,United States,NA
Aberdeen Brewing,210 Aberdeen Dr.,Valparaiso,Indiana,United States,NA
Catamount Brewing,NA,White River Junction,Vermont,United States,NA
Brew Kettle Taproom & Smokehouse BOP,8377 Pearl Road,Strongsville,Ohio,United States,NA
Roffey Brewery,NA,Holland,Michigan,United States,NA
Granite City Food & Brewery - Omaha,1001 North 102nd Street,Omaha,Nebraska,United States,NA
Rock Bottom Restaurant & Brewery - Denver,1001 16th Street #A-100,Denver,Colorado,United States,NA
Watson Brothers Brewhouse,NA,Blue Ash,Ohio,United States,NA
Blue Corn Caf and Brewery - Albuquerque,NA,Albuquerque,New Mexico,United States,NA
New Road Brewhouse,NA,Collegeville,Pennsylvania,United States,NA
The Narragansett Brewing Company,60 Ship Street,Providence,Rhode Island,United States,http://www.narragansettbeer.com
Backcountry Brewery,720 Main Street,Frisco,Colorado,United States,NA
Pizza Port Brewing - Solana Beach,135 North Highway 101,Solana Beach,California,United States,http://www.pizzaport.com
Kessler Brewing,NA,Helena,Montana,United States,NA
Bar Harbor Brewing Company,8 Mt. Desert Street,Bar Harbor,Maine,United States,http://www.barharborbrewing.com/
"Sam Choy's Breakfast, Lunch, Crab & Big Aloha Brewery",580 North Nimitz Highway,Honolulu,Hawaii,United States,NA
RedFish New Orleans Brewhouse,2027 13th Street,Boulder,Colorado,United States,NA
Great Bear Brewing,238 North Boundary Street,Wasilla,Alaska,United States,NA
Saxer Brewing,NA,Lake Oswego,Oregon,United States,NA
Tivoli Brewing,NA,Denver,Colorado,United States,NA
Pumphouse Pizza and Brewing,NA,Lake Delton,Wisconsin,United States,NA
Moab Brewery,686 South Main Street,Moab,Utah,United States,NA
Stoney Creek Brewing Company,237 Joseph Campau,Detroit,Michigan,United States,NA
Jurupa Valley Brewing,NA,Riverside,California,United States,NA
Crested Butte Brewery &  Pub,226 Elk Avenue,Crested Butte,Colorado,United States,NA
Mash House Restaurant and Brewery,4150 Sycamore Dairy Road,Fayetteville,North Carolina,United States,NA
Lewis & Clark Brewing Company,939 Getchell Street,Helena,Montana,United States,http://lewisandclarkbrewing.com/
Dostal Alley,1 Dostal Alley,Central City,Colorado,United States,NA
Salt Lake Brewing - Squatters,147 West Broadway,Salt Lake City,Utah,United States,NA
McCoy's Public House and Brewkitchen,4057 Pennsylvania Avenue,Kansas City,Missouri,United States,NA
Brimstone Brewing,4607 Wedgewood Boulevard,Frederick,Maryland,United States,NA
Ham's Restaurant and Brewhouse,701 Evans Street,Greenville,North Carolina,United States,NA
American River Brewing,NA,Auburn,California,United States,NA
Lion Brewery Inc.,700 North Pennsylvania Blvd.,Wilkes Barre,Pennsylvania,United States,http://www.lionbrewery.com/
Devil's Canyon,NA,Belmont,CA,United States,NA
Foothills Brewing Company,638 W. 4th Street,Winston-Salem,North Carolina,United States,http://www.foothillsbrewing.com/
El Toro Brewing Company,17605 Monterey Road,Morgan Hill,California,United States,http://www.eltorobrewing.com/
Bonaventure Brewing Co,404 South Figueroa Street #418,Los Angeles,California,United States,http://www.bonaventurebrewing.com/
Amerisports Brew Pub,8201 NE Birmingham Road,Kansas City,Missouri,United States,NA
Ross Valley Brewing,NA,Fairfax,California,United States,NA
Shmaltz Enterprises,3435 Cesar Chavez #227,San Francisco,California,United States,NA
Butte Creek Brewing,945 West Second Street,Chico,California,United States,NA
Angelic Brewing,NA,Madison,Wisconsin,United States,NA
Atlanta Brewing Company,2323 Defoor Hills Rd NW,Atlanta,Georgia,United States,http://www.atlantabrewing.com/
Blackstone Restaurant & Brewery,1918 West End Avenue,Nashville,Tennessee,United States,NA
Oasis Brewery and Restaurant,NA,Boulder,Colorado,United States,NA
Harpoon Brewery - Windsor,336 Ruth Carney Drive,Windsor,Vermont,United States,http://www.harpoonbrewery.com/
McGuire's Irish Pub and Brewery - Pensacola,600 East Gregory Street,Pensacola,Florida,United States,NA
EJ Phair Brewing Company and Alehouse,2151 Salvio Street,Concord,California,United States,NA
Tenaya Creek Restaurant and Brewery,3101 North Tenaya Way,Las Vegas,Nevada,United States,NA
Glenwood Canyon Brewing Company,402 Seventh Street,Glenwood Springs,Colorado,United States,NA
Chama River Brewing,4939 Pan American Freeway NE,Albuquerque,New Mexico,United States,NA
Costal Extreme Brewing Company,307 Oliphant Lane,Middletown,Rhode Island,United States,http://www.newportstorm.com/
Element Brewing Company,30 Bridge St,Millers Falls,MA,United States,http://www.elementbeer.com
O'Fallon Brewery,26 West Industrial Drive,O'Fallon,Missouri,United States,NA
Uinta Brewing Compnay,1722 South Fremont Drive (2375 West),Salt Lake City,Utah,United States,http://www.uintabrewing.com/
Hoppers Seafood & Grill,890 East Fort Union Boulevard,Midvale,Utah,United States,NA
Stroh Brewery Company,NA,Tampa,Florida,United States,NA
Brewpub-on-the-Green,NA,Fremont,California,United States,NA
Yamhill Brewing,NA,Portland,Oregon,United States,NA
New Century Brewing Company,PO Box 1498,Boston,Massachusetts,United States,NA
Northwest Brewwrks,NA,Kirkland,Washington,United States,NA
New Jersey Beer Company,4201 Tonnelle Avenue,North Bergen,NJ,United States,http://www.njbeerco.com
Thunder Canyon Brewery,7401 North La Cholla Boulevard,Tucson,Arizona,United States,http://www.thundercanyonbrewery.com/
Dry Gulch Brewing,NA,Albuquerque,New Mexico,United States,NA
Milly's Tavern,500 Commercial Street,Manchester,New Hampshire,United States,NA
Oregon Trail Brewery,341 SW Second Street,Corvallis,Oregon,United States,NA
Big Bang Brewery (Closed),650 Fifth Street #403,San Francisco,California,United States,NA
English Ales Brewery,223 Reindollar Avenue,Marina,California,United States,NA
Chicago Brewing,2201 South Fort Apache Road,Las Vegas,Nevada,United States,NA
Buzzards Bay Brewing Inc.,98 Horseneck Rd,Westport,Massachusetts,United States,http://www.buzzardsbrew.com/
Pearl Street Brewery,1401 Saint Andrew Street,La Crosse,Wisconsin,United States,NA
Catawba Valley Brewing Company,P.O. Box 1154,Glen Alpine,NC,United States,http://www.catawbavalleybrewingcompany.com/
Kross Brewing,NA,Morrisville,Vermont,United States,NA
Pete's Place,120 SW Eighth Street,Krebs,Oklahoma,United States,NA
Springfield Brewing,305 South Market Street,Springfield,Missouri,United States,NA
Rivers Effortless Dining,NA,Salt Lake City,Utah,United States,NA
Red Lodge Ales,417 North Broadway,Red Lodge,Montana,United States,NA
Mammoth Brewing,24 Lake Mary Road,Mammoth Lakes,California,United States,NA
Flour City Brewing,NA,Rochester,New York,United States,NA
Boiler Room Brewpub,2100 Casino Drive,Laughlin,Nevada,United States,NA
Coeur d'Alene Brewing Company,209 Lakeside Avenue,Coeur d'Alene,Idaho,United States,http://www.cdabrewing.com/
DC Brau,3178-B Bladensburg Rd. NE,Washington,DC,United States,http://www.dcbrau.com/
Bad Frog Brewery Company,NA,Rose City,Michigan,United States,NA
High Point Wheat Beer Company,22 Park Place,Butler,New Jersey,United States,http://www.ramsteinbeer.com/
Willoughby Brewing,4057 Erie Street,Willoughby,Ohio,United States,NA
Duneland Brewhouse Pub and Restaurant,NA,Michigan City,Indiana,United States,NA
Socorro Springs Brewing,1012 North California Street,Socorro,New Mexico,United States,NA
Bent River Brewing,1413 Fifth Avenue,Moline,Illinois,United States,NA
Tap Room Brewing Company,NA,La Crosse,Wisconsin,United States,http://www.taproom21.com/
Santa Rosa Brewing,NA,Santa Rosa,California,United States,NA
Carolina Beer Company,110 Barley Park Lane,Mooresville,North Carolina,United States,http://www.carolinabeer.com/
Marble Brewery,111 Marble Ave NW,Albuquerque,New Mexico,United States,http://marblebrewery.com/
"Bluegrass Brewing Company, Inc.",3929 Shelbyville Rd.,Louisville,Kentucky,United States,http://www.bbcbrew.com
Columbus Brewing Company,525 Short St.,Columbus,OH,United States,www.columbusbrewingco.com
Bulldog Brewing,NA,Fresno,California,United States,NA
Stewart's Brewing,219 Governor's Square,Bear,Delaware,United States,NA
Cleveland ChopHouse and Brewery,824 West St.Clair Avenue,Cleveland,Ohio,United States,NA
Monte Carlo Casino and Brewpub,NA,Las Vegas,Nevada,United States,NA
Water Tower Brewing,NA,Eden Prairie,Minnesota,United States,NA
Orchard Street Brewery,NA,Bellingham,Washington,United States,NA
St. Stan's Brewing Co.,821 L Street,Modesto,California,United States,http://www.ststans.com/
St John Brewers,NA,St. John,Virgin Islands,United States,http://www.stjohnbrewers.com/index.html
Oso,1812 Post Road,Plover,WI,United States,http://www.osobrewing.com/Home.php
Rio Salado Brewing,NA,Tempe,Arizona,United States,NA
Eagle Brewing,625 Fourth Street,Mukilteo,Washington,United States,NA
Wild Duck Brewing,NA,Eugene,Oregon,United States,NA
Del Mar Stuft Pizza and Brewing,NA,San Diego,California,United States,NA
